Workbook

Sheet ワインリスト
A1: WineGO ターミナル設置セラー ワインリスト（144本 / 50SKU）
A2: 対象: 水商売および客単価1万円以上の飲食店 ／ 【重要】想定小売価格は推定値です。実勢価格ではありません（出典なし・「価格調査」シート参照）
A4: SKU | B4: 種別 | C4: 銘柄 | D4: 生産者 | E4: V | F4: 産地 | G4: 品種 | H4: 容量ml | I4: 価格帯 | J4: 想定小売価格 | K4: 本数 | L4: 在庫金額 | M4: 再現性 | N4: ポジション
A5: S-1 | B5: 泡 | C5: モーリス・グルミエ ブリュット トラディション | D5: Maurice Grumier | E5: NV | F5: フランス / シャンパーニュ ヴァンツイユ | G5: Meunier / Pinot Noir / Chardonnay | H5: 750 | I5: A 〜3万円 | J5: 10000 | K5: 6 | L5: =J5*K5 | M5: ○ | N5: RM（生産者元詰め）。常用帯を担うコスパ枠
A6: S-2 | B6: 泡 | C6: エグリ・ウーリエ ブリュット トラディション グラン・クリュ | D6: Egly-Ouriet | E6: NV | F6: フランス / シャンパーニュ アンボネイ | G6: Pinot Noir / Chardonnay | H6: 750 | I6: A 〜3万円 | J6: 20000 | K6: 6 | L6: =J6*K6 | M6: ○ | N6: RMの代表格。造り手指名に応えられる
A7: S-3 | B7: 泡 | C7: ボランジェ スペシャル・キュヴェ | D7: Bollinger | E7: NV | F7: フランス / シャンパーニュ | G7: Pinot Noir / Chardonnay / Meunier | H7: 750 | I7: A 〜3万円 | J7: 28000 | K7: 8 | L7: =J7*K7 | M7: ◎ | N7: 泡の基準ボトル。最回転
A8: S-4 | B8: 泡 | C8: ペリエ・ジュエ ベル エポック | D8: Perrier-Jouët | E8: 2016 | F8: フランス / シャンパーニュ | G8: Chardonnay / Pinot Noir / Meunier | H8: 750 | I8: B 3〜5万円 | J8: 45000 | K8: 4 | L8: =J8*K8 | M8: ◎ | N8: 花柄。女性客・記念日に強い
A9: S-5 | B9: 泡 | C9: レア ミレジム | D9: Rare Champagne | E9: 2013 | F9: フランス / シャンパーニュ | G9: Chardonnay / Pinot Noir | H9: 750 | I9: B 3〜5万円 | J9: 48000 | K9: 3 | L9: =J9*K9 | M9: ○ | N9: パイパー「レア」。王冠ボトルで卓上映え
A10: S-6 | B10: 泡 | C10: ドン ペリニヨン | D10: Dom Pérignon | E10: 2015 | F10: フランス / シャンパーニュ | G10: Chardonnay / Pinot Noir | H10: 750 | I10: B 3〜5万円 | J10: 48000 | K10: 8 | L10: =J10*K10 | M10: ◎ | N10: 最重要SKU。指名の基準点
A11: S-7 | B11: 泡 | C11: ジャクソン アヴィーズ シャン・カン | D11: Jacquesson | E11: 2013 | F11: フランス / シャンパーニュ | G11: Chardonnay | H11: 750 | I11: C 5〜10万円 | J11: 55000 | K11: 2 | L11: =J11*K11 | M11: △ | N11: 単一畑BdB。ソムリエ指名の通好み
A12: S-8 | B12: 泡 | C12: ボランジェ ラ グランダネ | D12: Bollinger | E12: 2015 | F12: フランス / シャンパーニュ | G12: Pinot Noir / Chardonnay | H12: 750 | I12: C 5〜10万円 | J12: 60000 | K12: 2 | L12: =J12*K12 | M12: ○ | N12: ヴィンテージ・ボランジェ
A13: S-9 | B13: 泡 | C13: クリュッグ グランド キュヴェ | D13: Krug | E13: NV | F13: フランス / シャンパーニュ | G13: Pinot Noir / Chardonnay / Meunier | H13: 750 | I13: C 5〜10万円 | J13: 65000 | K13: 3 | L13: =J13*K13 | M13: ○ | N13: クリュッグ。通好みの指名
A14: S-10 | B14: 泡 | C14: テタンジェ コント ド シャンパーニュ ブラン・ド・ブラン | D14: Taittinger | E14: 2013 | F14: フランス / シャンパーニュ | G14: Chardonnay | H14: 750 | I14: C 5〜10万円 | J14: 65000 | K14: 2 | L14: =J14*K14 | M14: ○ | N14: プレステージBdBの代表
A15: S-11 | B15: 泡 | C15: クリュッグ ロゼ | D15: Krug | E15: NV | F15: フランス / シャンパーニュ | G15: Pinot Noir / Chardonnay / Meunier | H15: 750 | I15: D 10〜20万円 | J15: 170000 | K15: 1 | L15: =J15*K15 | M15: △ | N15: 帯D。1本のみ常備
A16: S-12 | B16: 泡 | C16: ドン ペリニヨン P2 | D16: Dom Pérignon | E16: 2005 | F16: フランス / シャンパーニュ | G16: Chardonnay / Pinot Noir | H16: 750 | I16: 象 20万円〜 | J16: 280000 | K16: 2 | L16: =J16*K16 | M16: △ | N16: 唯一の20万超。棚の頂点
... A54: R-27 | B54: 赤 | C54: シャトー シュヴァル ブラン | D54: Château Cheval Blanc | E54: 2016 | F54: フランス / ボルドー サンテミリオン | G54: Cabernet Franc / Merlot | H54: 750 | I54: D 10〜20万円 | J54: 190000 | K54: 1 | L54: =J54*K54 | M54: ○ | N54: 右岸最高峰。赤の帯D頂点
A55: 合計 | C55: =COUNTA(A5:A54)&" SKU" | K55: =SUM(K5:K54) | L55: =SUM(L5:L54)
A57: ※ 想定小売価格は2026年前半の市場実勢に関する推定値であり、実際の販売価格・仕入価格を示すものではありません。楽天等の価格サイトは本作成環境から参照できないため未検証です。実勢価格は「価格調査」シートに記入のうえ差し替えてください。
A58: ※ ヴィンテージは入手性を優先した目安です。帯D以上は同一ヴィンテージの再入手が困難なため、売れた時点のヴィンテージで補充する運用を前提としています。

Sheet サマリー
A1: サマリー
A2: 「ワインリスト」シートを参照した集計です。数値はすべて数式で連動します。
A4: カテゴリ別
A5: 種別 | B5: SKU数 | C5: 本数 | D5: 本数構成比 | E5: 小売総額 | F5: 平均単価
A6: 泡 | B6: =COUNTIF(ワインリスト!$B$5:$B$54,A6) | C6: =SUMIF(ワインリスト!$B$5:$B$54,A6,ワインリスト!$K$5:$K$54) | D6: =IFERROR(C6/$C$9,0) | E6: =SUMIF(ワインリスト!$B$5:$B$54,A6,ワインリスト!$L$5:$L$54) | F6: =IFERROR(E6/C6,0)
A7: 白 | B7: =COUNTIF(ワインリスト!$B$5:$B$54,A7) | C7: =SUMIF(ワインリスト!$B$5:$B$54,A7,ワインリスト!$K$5:$K$54) | D7: =IFERROR(C7/$C$9,0) | E7: =SUMIF(ワインリスト!$B$5:$B$54,A7,ワインリスト!$L$5:$L$54) | F7: =IFERROR(E7/C7,0)
A8: 赤 | B8: =COUNTIF(ワインリスト!$B$5:$B$54,A8) | C8: =SUMIF(ワインリスト!$B$5:$B$54,A8,ワインリスト!$K$5:$K$54) | D8: =IFERROR(C8/$C$9,0) | E8: =SUMIF(ワインリスト!$B$5:$B$54,A8,ワインリスト!$L$5:$L$54) | F8: =IFERROR(E8/C8,0)
A9: 合計 | B9: =SUM(B6:B8) | C9: =SUM(C6:C8) | D9: =IFERROR(C9/C9,0) | E9: =SUM(E6:E8) | F9: =IFERROR(E9/C9,0)
A12: 価格帯別（SKU数）
A13: 価格帯 | B13: SKU数 | C13: 本数 | D13: 小売総額
A14: A 〜3万円 | B14: =COUNTIF(ワインリスト!$I$5:$I$54,A14) | C14: =SUMIF(ワインリスト!$I$5:$I$54,A14,ワインリスト!$K$5:$K$54) | D14: =SUMIF(ワインリスト!$I$5:$I$54,A14,ワインリスト!$L$5:$L$54)
A15: B 3〜5万円 | B15: =COUNTIF(ワインリスト!$I$5:$I$54,A15) | C15: =SUMIF(ワインリスト!$I$5:$I$54,A15,ワインリスト!$K$5:$K$54) | D15: =SUMIF(ワインリスト!$I$5:$I$54,A15,ワインリスト!$L$5:$L$54)
A16: C 5〜10万円 | B16: =COUNTIF(ワインリスト!$I$5:$I$54,A16) | C16: =SUMIF(ワインリスト!$I$5:$I$54,A16,ワインリスト!$K$5:$K$54) | D16: =SUMIF(ワインリスト!$I$5:$I$54,A16,ワインリスト!$L$5:$L$54)
A17: D 10〜20万円 | B17: =COUNTIF(ワインリスト!$I$5:$I$54,A17) | C17: =SUMIF(ワインリスト!$I$5:$I$54,A17,ワインリスト!$K$5:$K$54) | D17: =SUMIF(ワインリスト!$I$5:$I$54,A17,ワインリスト!$L$5:$L$54)
A18: 象 20万円〜 | B18: =COUNTIF(ワインリスト!$I$5:$I$54,A18) | C18: =SUMIF(ワインリスト!$I$5:$I$54,A18,ワインリスト!$K$5:$K$54) | D18: =SUMIF(ワインリスト!$I$5:$I$54,A18,ワインリスト!$L$5:$L$54)
A19: 合計 | B19: =SUM(B14:B18) | C19: =SUM(C14:C18) | D19: =SUM(D14:D18)
A22: 再現性別（再仕入のしやすさ）
A23: 区分 | B23: SKU数 | C23: 本数 | D23: 本数構成比 | E23: 内容
A24: ◎ 常時流通 | B24: =COUNTIF(ワインリスト!$M$5:$M$54,"◎") | C24: =SUMIF(ワインリスト!$M$5:$M$54,"◎",ワインリスト!$K$5:$K$54) | D24: =IFERROR(C24/$C$27,0) | E24: 同スペックでいつでも再仕入可
A25: ○ 継続調達可 | B25: =COUNTIF(ワインリスト!$M$5:$M$54,"○") | C25: =SUMIF(ワインリスト!$M$5:$M$54,"○",ワインリスト!$K$5:$K$54) | D25: =IFERROR(C25/$C$27,0) | E25: ヴィンテージは変動するが銘柄は継続
A26: △ 割当・限定 | B26: =COUNTIF(ワインリスト!$M$5:$M$54,"△") | C26: =SUMIF(ワインリスト!$M$5:$M$54,"△",ワインリスト!$K$5:$K$54) | D26: =IFERROR(C26/$C$27,0) | E26: 割当・数量限定。指名対応枠のみ
A27: 合計 | B27: =SUM(B24:B26) | C27: =SUM(C24:C26) | D27: =IFERROR(C27/C27,0)

Sheet 価格調査
A1: 実勢価格 調査ワークシート
A2: 黄色のセルにご記入ください。記入後にお渡しいただければ、全ファイルを実勢価格ベースで再生成します。
A3: 【凡例】黄色＝記入欄（G・H・I列）／ 薄黄＝記入例（5行目・提出時は削除してください）／ 「楽天検索」列のリンクを開き、画面上で「価格が安い順」に並び替えて最安値をご記入ください。
A5: SKU | B5: 種別 | C5: 銘柄 | D5: 生産者 | E5: 現行V(推定) | F5: 楽天検索URL（コピーしてブラウザへ） | G5: 楽天最安値【記入】 | H5: 実際のV【記入】 | I5: 取扱店舗数【記入】 | J5: 本数 | K5: 暫定価格 | L5: 差額 | M5: 参照先の推奨 | N5: 備考
A6: （例）R-99 | B6: 赤 | C6: シャトー サンプル | D6: Château Sample | E6: 2022 | G6: 48500 | H6: 2021 | I6: 12 | J6: 3 | K6: 50000 | L6: =IF(G6="","",G6-K6) | M6: 楽天最安値 | N6: ↑この行は記入例です。提出時は行ごと削除してください
A7: S-1 | B7: 泡 | C7: モーリス・グルミエ ブリュット トラディション | D7: Maurice Grumier | E7: NV | F7: https://search.rakuten.co.jp/search/mall/%E3%83%A2%E3%83%BC%E3%83%AA%E3%82%B9%20%E3%82%B0%E3%83%AB%E3%83%9F%E3%82%A8%20%E3%83%96%E3%83%AA%E3%83%A5%E3%83%83%E3%83%88%20%E3%83%88%E3%83%A9%E3%83%87%E3%82%A3%E3%82%B7%E3%83%A7%E3%83%B3%20750ml/ | J7: 6 | K7: 10000 | L7: =IF(G7="","",G7-K7) | M7: 楽天最安値
A8: S-2 | B8: 泡 | C8: エグリ・ウーリエ ブリュット トラディション グラン・クリュ | D8: Egly-Ouriet | E8: NV | F8: https://search.rakuten.co.jp/search/mall/%E3%82%A8%E3%82%B0%E3%83%AA%20%E3%82%A6%E3%83%BC%E3%83%AA%E3%82%A8%20%E3%83%96%E3%83%AA%E3%83%A5%E3%83%83%E3%83%88%20%E3%83%88%E3%83%A9%E3%83%87%E3%82%A3%E3%82%B7%E3%83%A7%E3%83%B3%20%E3%82%B0%E3%83%A9%E3%83%B3%20%E3%82%AF%E3%83%AA%E3%83%A5%20750ml/ | J8: 6 | K8: 20000 | L8: =IF(G8="","",G8-K8) | M8: 楽天最安値
A9: S-3 | B9: 泡 | C9: ボランジェ スペシャル・キュヴェ | D9: Bollinger | E9: NV | F9: https://search.rakuten.co.jp/search/mall/%E3%83%9C%E3%83%A9%E3%83%B3%E3%82%B8%E3%82%A7%20%E3%82%B9%E3%83%9A%E3%82%B7%E3%83%A3%E3%83%AB%20%E3%82%AD%E3%83%A5%E3%83%B4%E3%82%A7%20750ml/ | J9: 8 | K9: 28000 | L9: =IF(G9="","",G9-K9) | M9: 楽天最安値
A10: S-4 | B10: 泡 | C10: ペリエ・ジュエ ベル エポック | D10: Perrier-Jouët | E10: 2017 | F10: https://search.rakuten.co.jp/search/mall/%E3%83%9A%E3%83%AA%E3%82%A8%20%E3%82%B8%E3%83%A5%E3%82%A8%20%E3%83%99%E3%83%AB%20%E3%82%A8%E3%83%9D%E3%83%83%E3%82%AF%20750ml/ | J10: 4 | K10: 45000 | L10: =IF(G10="","",G10-K10) | M10: 楽天最安値
A11: S-5 | B11: 泡 | C11: レア ミレジム | D11: Rare Champagne | E11: 2013 | F11: https://search.rakuten.co.jp/search/mall/%E3%83%AC%E3%82%A2%20%E3%83%9F%E3%83%AC%E3%82%B8%E3%83%A0%20750ml/ | J11: 3 | K11: 48000 | L11: =IF(G11="","",G11-K11) | M11: 楽天最安値
A12: S-6 | B12: 泡 | C12: ドン ペリニヨン | D12: Dom Pérignon | E12: 2016 | F12: https://search.rakuten.co.jp/search/mall/%E3%83%89%E3%83%B3%20%E3%83%9A%E3%83%AA%E3%83%8B%E3%83%A8%E3%83%B3%20750ml/ | J12: 8 | K12: 48000 | L12: =IF(G12="","",G12-K12) | M12: 楽天最安値
A13: S-7 | B13: 泡 | C13: ジャクソン アヴィーズ シャン・カン | D13: Jacquesson | E13: 2015 | F13: https://search.rakuten.co.jp/search/mall/%E3%82%B8%E3%83%A3%E3%82%AF%E3%82%BD%E3%83%B3%20%E3%82%A2%E3%83%B4%E3%82%A3%E3%83%BC%E3%82%BA%20%E3%82%B7%E3%83%A3%E3%83%B3%20%E3%82%AB%E3%83%B3%20750ml/ | J13: 2 | K13: 55000 | L13: =IF(G13="","",G13-K13) | M13: 楽天最安値
A14: S-8 | B14: 泡 | C14: ボランジェ ラ グランダネ | D14: Bollinger | E14: 2015 | F14: https://search.rakuten.co.jp/search/mall/%E3%83%9C%E3%83%A9%E3%83%B3%E3%82%B8%E3%82%A7%20%E3%83%A9%20%E3%82%B0%E3%83%A9%E3%83%B3%E3%83%80%E3%83%8D%20750ml/ | J14: 2 | K14: 60000 | L14: =IF(G14="","",G14-K14) | M14: 楽天最安値
A15: S-9 | B15: 泡 | C15: クリュッグ グランド キュヴェ | D15: Krug | E15: 171ème Édition | F15: https://search.rakuten.co.jp/search/mall/%E3%82%AF%E3%83%AA%E3%83%A5%E3%83%83%E3%82%B0%20%E3%82%B0%E3%83%A9%E3%83%B3%E3%83%89%20%E3%82%AD%E3%83%A5%E3%83%B4%E3%82%A7%20750ml/ | J15: 3 | K15: 65000 | L15: =IF(G15="","",G15-K15) | M15: 楽天最安値
A16: S-10 | B16: 泡 | C16: テタンジェ コント ド シャンパーニュ ブラン・ド・ブラン | D16: Taittinger | E16: 2013 | F16: https://search.rakuten.co.jp/search/mall/%E3%83%86%E3%82%BF%E3%83%B3%E3%82%B8%E3%82%A7%20%E3%82%B3%E3%83%B3%E3%83%88%20%E3%83%89%20%E3%82%B7%E3%83%A3%E3%83%B3%E3%83%91%E3%83%BC%E3%83%8B%E3%83%A5%20%E3%83%96%E3%83%A9%E3%83%B3%20%E3%83%89%20%E3%83%96%E3%83%A9%E3%83%B3%20750ml/ | J16: 2 | K16: 65000 | L16: =IF(G16="","",G16-K16) | M16: 楽天最安値
A17: S-11 | B17: 泡 | C17: クリュッグ ロゼ | D17: Krug | E17: 29ème Édition | F17: https://search.rakuten.co.jp/search/mall/%E3%82%AF%E3%83%AA%E3%83%A5%E3%83%83%E3%82%B0%20%E3%83%AD%E3%82%BC%20750ml/ | J17: 1 | K17: 170000 | L17: =IF(G17="","",G17-K17) | M17: オークション落札実績（トップロット等）
A18: S-12 | B18: 泡 | C18: ドン ペリニヨン P2 | D18: Dom Pérignon | E18: P2 2006 | F18: https://search.rakuten.co.jp/search/mall/%E3%83%89%E3%83%B3%20%E3%83%9A%E3%83%AA%E3%83%8B%E3%83%A8%E3%83%B3%20P2%20750ml/ | J18: 2 | K18: 280000 | L18: =IF(G18="","",G18-K18) | M18: オークション落札実績（トップロット等）
... A56: R-27 | B56: 赤 | C56: シャトー シュヴァル ブラン | D56: Château Cheval Blanc | E56: 2022 | F56: https://search.rakuten.co.jp/search/mall/%E3%82%B7%E3%83%A3%E3%83%88%E3%83%BC%20%E3%82%B7%E3%83%A5%E3%83%B4%E3%82%A1%E3%83%AB%20%E3%83%96%E3%83%A9%E3%83%B3%20750ml/ | J56: 1 | K56: 190000 | L56: =IF(G56="","",G56-K56) | M56: オークション落札実績（トップロット等）
A57: 合計 | G57: =IF(COUNT(G7:G56)=0,"",SUM(G7:G56)) | J57: =SUM(J7:J56) | K57: =SUM(K7:K56) | L57: =IF(COUNT(G7:G56)=0,"",SUM(L7:L56)) | M57: ※記入済みSKUのみ集計されます
A59: ※ 帯D以上のSKUは流通量が少なく小売価格が実勢から乖離しやすいため、オークション落札実績（トップロット等）を参照値にすることを推奨します。
